"Time (s)"	"Acceleration (m/sÂ²)"
7.764750044E-3	-3.264383554E-2
4.797975009E-2	-2.738309562E-2
8.819375001E-2	-3.666204214E-2
1.284087501E-1	-3.132938147E-3
1.686227501E-1	-4.564219594E-2
2.088377500E-1	-3.591301382E-2
2.490517501E-1	-1.479813337E-2
2.892667501E-1	-3.260290504E-2
3.294807500E-1	-1.314454079E-3
3.696957501E-1	-4.097904146E-2
4.099097501E-1	-4.651693940E-2
4.501247500E-1	-3.872903287E-2
4.903387501E-1	-3.573935151E-2
5.305537501E-1	-4.621580780E-2
5.707677500E-1	-2.810230315E-2
6.109827501E-1	-4.471073449E-2
6.511967500E-1	-5.190573335E-3
6.914117500E-1	-9.823322296E-3
7.316257501E-1	-1.596055984E-2
7.718407500E-1	-3.077389598E-2
8.120547500E-1	-2.687906563E-2
8.522697501E-1	-1.086295724E-2
8.924837500E-1	-3.615859687E-2
9.326977500E-1	-4.005108833E-2
9.729117501E-1	-1.983960271E-2
1.013126750E0	-3.944297791E-2
1.053340750E0	-1.698440731E-2
1.093555750E0	-3.479327202E-2
1.133769750E0	-1.742996514E-2
1.173984750E0	-1.068987966E-2
1.214198750E0	-3.957921803E-2
1.254413750E0	-2.909632981E-2
1.294627750E0	-1.787142992E-2
1.334842750E0	-3.658427417E-2
1.375056750E0	-6.652377248E-3
1.415271750E0	-4.152634084E-2
1.455485750E0	-3.852671921E-2
1.495700750E0	-4.076912642E-2
1.535914750E0	6.232547164E-3
1.576129750E0	-7.694935799E-3
1.616343750E0	-5.152566433E-3
1.656557750E0	-1.054954648E-2
1.696772750E0	-4.363367736E-2
1.736986750E0	-6.055025697E-2
1.777201750E0	-4.737414122E-2
1.817415750E0	-3.015584528E-2
1.857630750E0	-2.310819626E-3
1.897844833E0	-2.162183404E-2
1.938059833E0	-5.335408866E-2
1.978273833E0	-4.406461716E-3
2.018488833E0	-3.987508714E-2
2.058702833E0	-4.541123092E-2
2.098917833E0	-1.830704749E-2
2.139131833E0	-1.395964265E-2
2.179346833E0	-2.024013698E-2
2.219560833E0	-2.009688020E-2
2.259775833E0	-3.177552402E-2
2.299989833E0	-3.506809115E-2
2.340203833E0	-2.578563631E-2
2.380418833E0	-2.353796661E-2
2.420632833E0	-3.327650428E-3
2.460847833E0	-1.291065216E-2
2.501061833E0	-2.758540928E-2
2.541276833E0	-1.293404102E-2
2.581490833E0	-8.898643613E-2
2.621705833E0	-1.132278228E-1
2.661919833E0	-3.520023823E-4
2.702134833E0	-5.768219769E-2
2.742348833E0	-1.756795943E-2
2.782563833E0	-3.103526652E-2
2.822777833E0	-4.914701700E-2
2.862991833E0	6.699915111E-2
2.903207875E0	-8.893030286E-3
2.943421875E0	-4.810621262E-2
2.983636875E0	-2.490679979E-2
3.023850875E0	-3.403313398E-2
3.064065875E0	-1.151550651E-1
3.104279875E0	-2.578037381E-2
3.144494875E0	2.916064918E-2
3.184708875E0	7.159330845E-3
3.224922875E0	-3.026284933E-2
3.265137875E0	-4.912187397E-2
3.305351875E0	-4.687186539E-2
3.345566875E0	5.446505964E-2
3.385780875E0	-6.612031460E-3
3.425995875E0	-7.457363427E-2
3.466209875E0	-9.452608824E-3
3.506424875E0	4.024053812E-3
3.546638875E0	-5.704835951E-2
3.586852875E0	-1.019695938E-2
3.627067875E0	3.876119256E-3
3.667281875E0	-1.618392348E-2
3.707496875E0	-2.052840471E-2
3.747710875E0	-3.938976824E-2
3.787925875E0	-2.501321912E-2
3.828139875E0	-7.545247078E-2
3.868354875E0	-1.542495489E-2
3.908568208E0	2.753219962E-2
3.948782208E0	-1.992497206E-2
3.988997208E0	-3.250291765E-2
4.029211208E0	-7.904909313E-2
4.069426208E0	-3.006638288E-3
4.109640208E0	7.766271830E-3
4.149854208E0	-4.537614763E-2
4.190069208E0	-3.863430798E-2
4.230283208E0	-4.196546674E-3
4.270498208E0	-1.541910768E-2
4.310712208E0	-2.559852540E-2
4.350927208E0	-2.170778811E-2
4.391141208E0	-2.410397708E-2
4.431355208E0	-2.575172246E-2
4.471570208E0	-4.027269781E-2
4.511784208E0	-3.577735841E-2
4.551999208E0	1.052498817E-3
4.592213208E0	-2.334617794E-2
4.632428208E0	-9.880625010E-3
4.672642208E0	-1.467358768E-2
4.712856208E0	-2.246500254E-3
4.753071208E0	-4.774485469E-2
4.793285208E0	-4.774543941E-2
4.833500208E0	-3.143287718E-2
4.873714208E0	-5.542575717E-3
4.913929833E0	-1.557055056E-2
4.954143833E0	-3.561831415E-2
4.994357833E0	-3.935351551E-2
5.034572833E0	-2.228666246E-2
5.074786833E0	-1.585414052E-2
5.115001833E0	-4.773959219E-2
5.155215833E0	-5.226826072E-3
5.195429833E0	-1.824331284E-2
5.235644833E0	-3.185972393E-2
5.275858833E0	-1.170612574E-3
5.316073833E0	-2.108272076E-2
5.356287833E0	-1.703995585E-2
5.396501833E0	-1.808660746E-2
5.436716833E0	-2.691941142E-2
5.476930833E0	-3.440969467E-2
5.517145833E0	-1.869588733E-2
5.557359833E0	-6.422581673E-3
5.597573833E0	-2.034597158E-2
5.637788833E0	-4.399562001E-2
5.678002833E0	-3.740346909E-2
5.718217833E0	-1.554716170E-2
5.758431833E0	-2.408409655E-2
5.798645833E0	-1.001511097E-2
5.838860833E0	1.887890518E-2
5.879074833E0	2.696209610E-2
5.919289083E0	5.809735000E-2
5.959503083E0	1.543419349E-1
5.999717083E0	2.209551698E-1
6.039932083E0	1.726074672E-1
6.080146083E0	2.043403065E-1
6.120361083E0	1.851783961E-1
6.160575083E0	1.589834547E-1
6.200789083E0	1.452138466E-1
6.241004083E0	1.085447878E-1
6.281218083E0	1.687237465E-1
6.321433083E0	2.759037942E-1
6.361647083E0	3.251455361E-1
6.401861083E0	3.588254982E-1
6.442076083E0	3.934030080E-1
6.482290083E0	4.020878774E-1
6.522505083E0	4.407063979E-1
6.562719083E0	5.230328554E-1
6.602933083E0	5.402453041E-1
6.643148083E0	5.656935561E-1
6.683362083E0	6.566931885E-1
6.723577083E0	6.216613501E-1
6.763791083E0	6.387293726E-1
6.804005083E0	6.854386854E-1
6.844220083E0	6.983136696E-1
6.884434083E0	6.819975990E-1
6.924647958E0	6.951643592E-1
6.964862958E0	7.300377381E-1
7.005076958E0	7.159658289E-1
7.045291958E0	7.206114417E-1
7.085505958E0	7.240519434E-1
7.125719958E0	6.568422925E-1
7.165934958E0	6.622310865E-1
7.206148958E0	7.402224183E-1
7.246363958E0	6.777981287E-1
7.286577958E0	6.960595679E-1
7.326791958E0	6.378306556E-1
7.367006958E0	5.582009339E-1
7.407220958E0	5.658327198E-1
7.447434958E0	4.797652137E-1
7.487649958E0	5.134521925E-1
7.527863958E0	5.128587002E-1
7.568078958E0	4.660090542E-1
7.608292958E0	4.811229372E-1
7.648506958E0	4.197488075E-1
7.688721958E0	3.969972914E-1
7.728935958E0	3.522438723E-1
7.769149958E0	3.338304055E-1
7.809364958E0	3.631699795E-1
7.849578958E0	2.558402431E-1
7.889793958E0	2.432687294E-1
7.930008500E0	2.027007473E-1
7.970222500E0	2.118340981E-1
8.010437500E0	1.036114919E-1
8.050651500E0	1.585519302E-1
8.090865500E0	1.124530667E-1
8.131080500E0	7.756857812E-2
8.171294500E0	1.335094750E-2
8.211509500E0	5.270680189E-3
8.251723500E0	4.494462311E-2
8.291937500E0	-1.582256556E-2
8.332152500E0	-2.884548426E-2
8.372366500E0	-3.663806856E-2
8.412580500E0	-2.556987405E-2
8.452795500E0	-7.886373639E-2
8.493009500E0	-4.998024523E-2
8.533224500E0	-4.593631089E-2
8.573438500E0	-1.360179305E-2
8.613652500E0	-7.302938461E-2
8.653867500E0	-4.144857287E-2
8.694081500E0	-1.053650719E-1
8.734295500E0	-7.198331773E-2
8.774510500E0	-9.278946519E-2
8.814724500E0	-4.010078967E-2
8.854938500E0	-7.857605338E-2
8.895153500E0	-1.465435034E-1
8.935366750E0	-1.546196777E-1
8.975581750E0	-3.710935414E-2
9.015795750E0	-4.474640250E-2
9.056009750E0	-1.378486937E-1
9.096224750E0	-8.305385113E-2
9.136438750E0	-1.034045005E-1
9.176652750E0	-5.281088233E-2
9.216867750E0	-4.264023542E-2
9.257081750E0	-1.263238317E-1
9.297296750E0	-8.456243277E-2
9.337510750E0	-5.117892444E-2
9.377724750E0	-5.687177360E-2
9.417939750E0	-3.816009879E-2
9.458153750E0	-3.143053830E-2
9.498367750E0	-4.669878781E-2
9.538582750E0	-4.265836179E-2
9.578796750E0	2.290529788E-2
9.619010750E0	-1.032863867E-1
9.659225750E0	-9.565635502E-2
9.699439750E0	-1.138160527E-2
9.739654750E0	-3.734616637E-3
9.779868750E0	-5.806928337E-2
9.820082750E0	-3.113116086E-2
9.860297750E0	-5.388793945E-2
9.900511750E0	-7.754285038E-2
9.940726708E0	3.157730341E-2
9.980941708E0	1.150965929E-2
1.002115571E1	-2.456590712E-2
1.006136971E1	2.048104227E-2
1.010158471E1	-6.468774676E-3
1.014179871E1	-5.302313626E-2
1.018201371E1	-2.128971219E-2
1.022222771E1	-2.203990996E-2
1.026244171E1	6.548296809E-3
1.030265671E1	-1.022151768E-2
1.034287071E1	-4.001308143E-2
1.038308471E1	-5.199110270E-2
1.042329971E1	-3.644569516E-3
1.046351371E1	5.278983235E-2
1.050372771E1	2.690070033E-2
1.054394271E1	-4.614271760E-2
1.058415671E1	-3.341566801E-2
1.062437171E1	-2.353913605E-2
1.066458571E1	4.875525355E-2
1.070479971E1	8.827190638E-2
1.074501471E1	-2.159844518E-2
1.078522871E1	-7.190087199E-2
1.082544271E1	-2.730181932E-2
1.086565771E1	-1.712474048E-2
1.090587083E1	1.700194895E-2
1.094608483E1	4.155440748E-2
1.098629983E1	-9.570839524E-2
1.102651383E1	-1.299882817E-1
1.106672883E1	1.056591868E-2
1.110694283E1	-3.354547620E-3
1.114715683E1	-1.383509696E-2
1.118737183E1	-4.961420953E-2
1.122758583E1	-6.756633103E-2
1.126779983E1	8.637506962E-3
1.130801483E1	1.148100793E-2
1.134822883E1	-2.938693643E-2
1.138844283E1	6.206994832E-2
1.142865783E1	-1.778740543E-1
1.146887183E1	-7.098929107E-2
1.150908683E1	1.638740659E-1
1.154930083E1	-1.262261832E-1
1.158951483E1	-3.865535796E-2
1.162972983E1	2.965707779E-3
1.166994383E1	-6.978242576E-2
1.171015783E1	-7.921924710E-2
1.175037283E1	-2.009688020E-2
1.179058683E1	-3.985111356E-2
1.183080083E1	-2.413613677E-2
1.187101583E1	2.181537688E-2
1.191123071E1	-5.212617338E-2
1.195144571E1	-6.888312399E-2
1.199165971E1	3.754848003E-2
1.203187371E1	-5.211389422E-2
1.207208871E1	-3.100252211E-2
1.211230271E1	-4.132636607E-2
1.215251671E1	-4.776005745E-2
1.219273171E1	-2.396013558E-2
1.223294571E1	-6.752364635E-3
1.227315971E1	-2.187151015E-2
1.231337471E1	-6.139108658E-2
1.235358871E1	-3.765022159E-3
1.239380271E1	-4.328810692E-2
1.243401771E1	-1.065538108E-2
1.247423171E1	-4.403245747E-2
1.251444671E1	2.108096659E-2
1.255466071E1	-2.875660658E-3
1.259487471E1	-2.473430693E-2
1.263508971E1	-1.366435826E-2
1.267530371E1	-8.776085973E-2
1.271551771E1	-1.635700107E-2
1.275573271E1	-1.111965001E-2
1.279594671E1	1.148393154E-3
1.283616071E1	-6.441175818E-2
1.287637571E1	-3.656731725E-2
1.291658983E1	-4.958731234E-2
1.295680483E1	-2.862913728E-2
1.299701883E1	-8.722291589E-3
1.303723283E1	-8.027057648E-2
1.307744783E1	-6.344228983E-4
1.311766183E1	-3.671466708E-2
1.315787583E1	2.255446494E-2
1.319809083E1	2.629551351E-2
1.323830483E1	-3.042891026E-2
1.327851883E1	-1.739897490E-2
1.331873383E1	-1.099083585E-1
1.335894783E1	-2.203581691E-2
1.339916283E1	2.617096782E-2
1.343937683E1	-9.601712823E-3
1.347959083E1	-4.851961076E-2
1.351980583E1	-5.585084975E-2
1.356001983E1	1.225985706E-2
1.360023383E1	-7.560917616E-2
1.364044883E1	-9.296838999E-2
1.368066283E1	-4.028088391E-2
1.372087683E1	-3.459797502E-2
1.376109183E1	7.244700193E-4
1.380130583E1	-3.384836197E-2
1.384152083E1	1.345268905E-2
1.388173483E1	1.734927356E-2
1.392194821E1	-6.362764657E-2
1.396216321E1	-9.460677981E-2
1.400237721E1	-3.398460209E-2
1.404259121E1	7.327145934E-3
1.408280621E1	-6.392351568E-2
1.412302021E1	-2.545877695E-3
1.416323421E1	-5.822189569E-2
1.420344921E1	-2.333799183E-2
1.424366321E1	1.960571408E-3
1.428387821E1	-3.217196524E-2
1.432409221E1	-2.963719726E-2
1.436430621E1	-7.395675302E-2
1.440452121E1	-1.069455743E-3
1.444473521E1	-7.358136177E-3
1.448494921E1	-2.995996356E-2
1.452516421E1	-8.609615743E-2
1.456537821E1	-5.046907246E-2
1.460559221E1	-2.202587664E-2
1.464580721E1	1.928470194E-2
1.468602121E1	-7.362813950E-3
1.472623621E1	-4.240049958E-2
1.476645021E1	-5.692790687E-2
1.480666421E1	-3.492951214E-2
1.484687921E1	-1.218091965E-2
1.488709321E1	-3.803613782E-3
1.492730738E1	-9.690941334E-2
1.496752238E1	-1.907712579E-2
1.500773638E1	-1.833102107E-2
1.504795038E1	1.878710389E-3
1.508816538E1	-1.878242612E-2
1.512837938E1	-8.644348204E-2
1.516859438E1	-7.805740535E-2
1.520880838E1	4.263789654E-3
1.524902238E1	-2.656799376E-2
1.528923738E1	-6.234359801E-2
1.532945138E1	-4.542467952E-2
1.536966538E1	-4.452245414E-2
1.540988038E1	-4.302498221E-2
1.545009438E1	-4.631696463E-2
1.549030938E1	-2.865603447E-2
1.553052338E1	-7.341062307E-2
1.557073738E1	-5.244543135E-2
1.561095238E1	7.987588942E-2
1.565116638E1	2.149319530E-2
1.569138038E1	-4.226893723E-2
1.573159538E1	-9.481494069E-2
1.577180938E1	-2.596105278E-2
1.581202338E1	-4.527089775E-2
1.585223838E1	-2.158792019E-3
1.589245238E1	-9.451263964E-2
1.593266763E1	-2.909691453E-2
1.597288163E1	2.254043162E-2
1.601309563E1	-2.476003468E-2
1.605331063E1	-5.554854870E-5
1.609352463E1	-8.387830853E-2
1.613373863E1	4.021130204E-2
1.617395363E1	-2.879285932E-2
1.621416763E1	2.060675740E-2
1.625438263E1	-4.096559286E-3
1.629459663E1	-5.304886401E-2
1.633481063E1	-3.224213183E-2
1.637502563E1	8.474954367E-3
1.641523963E1	2.329530716E-2
1.645545363E1	-1.072262406E-1
1.649566863E1	1.252941370E-2
1.653588263E1	-7.227158546E-3
1.657609663E1	-9.404661655E-2
1.661631163E1	1.013030112E-2
1.665652563E1	-9.329817295E-3
1.669674063E1	-2.189606845E-2
1.673695462E1	1.433444917E-2
1.677716863E1	-2.996698022E-2
1.681738363E1	4.113925517E-2
1.685759762E1	-3.399688125E-2
1.689781163E1	-7.695637465E-2
1.693802588E1	3.575689316E-2
1.697823988E1	-6.438427627E-2
1.701845488E1	-4.911602676E-2
1.705866888E1	-1.932855606E-2
1.709888288E1	2.662822008E-2
1.713909788E1	-7.201957047E-2
1.717931188E1	-1.139096081E-2
1.721952588E1	-1.048756599E-2
1.725974088E1	-4.940721810E-2
1.729995488E1	-2.575815439E-2
1.734016988E1	-4.386815071E-2
1.738038388E1	2.244979978E-2
1.742059788E1	-6.690968871E-2
1.746081288E1	2.424898803E-2
1.750102688E1	1.645640373E-2
1.754124088E1	-5.734949112E-2
1.758145588E1	-4.013294935E-2
1.762166988E1	3.606211782E-2
1.766188488E1	-4.056973636E-2
1.770209888E1	-1.197860599E-2
1.774231288E1	1.900812864E-2
1.778252788E1	-6.840716064E-2
1.782274188E1	-4.266070068E-2
1.786295588E1	-5.852244258E-2
1.790317088E1	2.918696165E-2
1.794338513E1	-1.901397586E-2
1.798359913E1	-1.133225477E-1
1.802381413E1	3.397056878E-2
1.806402813E1	-3.129897594E-2
1.810424313E1	1.286153555E-2
1.814445713E1	-4.461308599E-2
1.818467113E1	-4.685140014E-2
1.822488613E1	-4.744372308E-2
1.826510013E1	-6.151504755E-2
1.830531413E1	-3.008275509E-2
1.834552913E1	-1.271243155E-2
1.838574313E1	-5.597656488E-2
1.842595813E1	-7.125650883E-2
1.846617213E1	-5.913640022E-2
1.850638613E1	1.241539299E-2
1.854660113E1	-3.488273442E-2
1.858681513E1	4.161346436E-2
1.862702913E1	-6.510991573E-2
1.866724413E1	-5.747052848E-2
1.870745813E1	-7.323052883E-3
1.874767313E1	2.380226076E-2
1.878788713E1	-2.096226811E-3
1.882810113E1	-1.184061170E-1
1.886831613E1	-2.409988403E-2
1.890853013E1	7.489113808E-3
1.894874483E1	-2.813270867E-2
1.898895983E1	-7.632487535E-2
1.902917383E1	-3.964529157E-2
1.906938883E1	-3.411148667E-2
1.910960283E1	-1.037225890E-1
1.914981683E1	-4.385645628E-2
1.919003183E1	2.664049923E-2
1.923024583E1	-4.595268309E-2
1.927045983E1	-8.292462766E-2
1.931067483E1	3.173576295E-2
1.935088883E1	3.098907351E-2
1.939110383E1	2.574762940E-2
1.943131783E1	-4.055862665E-2
1.947153183E1	-5.477963984E-2
1.951174683E1	-5.732376337E-2
1.955196083E1	4.554980993E-4
1.959217483E1	-2.573944330E-2
1.963238983E1	-8.995064199E-2
1.967260383E1	-8.620842397E-2
1.971281883E1	-4.803546131E-2
1.975303283E1	2.022376478E-2
1.979324683E1	-1.779892445E-2
1.983346183E1	-1.933089495E-3
1.987367583E1	-1.750422478E-2
1.991388908E1	-5.193555415E-2
1.995410408E1	-5.268809080E-2
1.999431808E1	3.682284057E-2
2.003453308E1	-1.242942631E-2
2.007474708E1	-5.958137333E-2
2.011496108E1	-3.128669679E-2
2.015517608E1	-1.123016238E-2
2.019539008E1	-2.141308844E-2
2.023560408E1	-5.240157723E-2
2.027581908E1	-1.314372218E-1
2.031603308E1	-4.866228282E-2
2.035624808E1	3.246432602E-2
2.039646208E1	-6.662668347E-2
2.043667608E1	1.943848372E-2
2.047689108E1	-1.065070331E-2
2.051710508E1	-7.800945818E-2
2.055731908E1	2.243167341E-2
2.059753408E1	8.206567168E-3
2.063774808E1	2.870748997E-2
2.067796308E1	-2.308890045E-2
2.071817708E1	-1.079618204E-1
2.075839108E1	-4.718995392E-2
2.079860608E1	-2.473547637E-2
2.083882008E1	-6.933569849E-2
2.087903408E1	-2.682176292E-2
2.091924871E1	-7.696806908E-2
2.095946271E1	-2.712698758E-2
2.099967671E1	-2.802921295E-2
2.103989171E1	3.244035244E-2
2.108010571E1	2.495006919E-3
2.112032071E1	-1.162075639E-1
2.116053471E1	1.222009599E-2
2.120074871E1	1.521328568E-2
2.124096371E1	-8.734570742E-3
2.128117771E1	-4.241570234E-2
2.132139171E1	1.206923783E-2
2.136160671E1	-7.520104051E-2
2.140182071E1	-2.506292045E-2
2.144203571E1	5.876276314E-2
2.148224971E1	-7.310715258E-2
2.152246371E1	-6.726519942E-2
2.156267871E1	-8.373329759E-2
2.160289271E1	-6.173139453E-2
2.164310671E1	2.718078196E-2
2.168332171E1	6.205591500E-2
2.172353571E1	-2.252172053E-2
2.176375071E1	-7.312352479E-2
2.180396471E1	2.169317007E-3
2.184417871E1	-1.114537776E-2
2.188439371E1	-3.313967943E-2
2.192460858E1	-4.361555099E-2
2.196482258E1	-1.308489919E-2
2.200503758E1	-1.293988824E-2
2.204525158E1	-3.405359924E-2
2.208546558E1	-6.489356875E-2
2.212568058E1	-9.378700018E-2
2.216589458E1	-9.633229315E-2
2.220610958E1	-1.065064484E-1
2.224632358E1	7.027534604E-2
2.228653758E1	1.234990418E-2
2.232675258E1	-5.380900204E-2
2.236696658E1	3.331685007E-2
2.240718058E1	5.487494946E-2
2.244739558E1	-2.669955611E-2
2.248760958E1	-2.370227337E-2
2.252782458E1	6.252310753E-2
2.256803858E1	-1.126115263E-2
2.260825258E1	-7.726803124E-2
2.264846758E1	2.991318583E-2
2.268868158E1	-1.217975020E-3
2.272889558E1	-1.018006092E-1
2.276911058E1	-5.449020267E-2
2.280932458E1	-7.289548337E-2
2.284953858E1	-3.593698740E-3
2.288975358E1	6.734238267E-3
2.292996775E1	7.194414139E-3
2.297018275E1	-2.288424790E-2
2.301039675E1	-1.824740589E-2
2.305061075E1	-2.138969958E-2
2.309082575E1	-6.584608018E-2
2.313103975E1	-4.098898172E-2
2.317125375E1	-4.816351533E-2
2.321146875E1	3.985637605E-2
2.325168275E1	3.671934485E-2
2.329189675E1	-4.785244346E-2
2.333211175E1	3.836650550E-2
2.337232575E1	-3.827879727E-2
2.341254075E1	-3.184276700E-2
2.345275475E1	-1.492852628E-2
2.349296875E1	6.171151400E-3
2.353318375E1	-1.328487396E-2
2.357339775E1	7.822989821E-3
2.361361175E1	2.758248568E-2
2.365382675E1	5.108303010E-2
2.369404075E1	-6.403519750E-2
2.373425475E1	9.285378456E-4
2.377446975E1	2.869228721E-3
2.381468375E1	-6.015790880E-2
2.385489875E1	-6.105194807E-2
2.389511275E1	-5.941297352E-2
2.393532671E1	-1.270950794E-2
2.397554171E1	-5.567309439E-2
2.401575571E1	2.755324960E-2
2.405596971E1	-3.157087147E-2
2.409618471E1	-1.112076098E-1
2.413639871E1	-3.246081769E-2
2.417661371E1	4.432540298E-2
2.421682771E1	-5.640867412E-2
2.425704171E1	-1.164706886E-2
2.429725671E1	3.318294883E-3
2.433747071E1	-1.868594706E-2
2.437768471E1	-9.053945661E-2
2.441789971E1	-6.524206281E-2
2.445811371E1	-8.667327762E-3
2.449832871E1	-6.599401474E-2
2.453854271E1	-4.922653913E-2
2.457875671E1	-3.335778058E-2
2.461897171E1	-9.548035383E-2
2.465918571E1	-8.051615953E-2
2.469939971E1	-1.592594433E-1
2.473961471E1	-1.728817016E-1
2.477982871E1	-1.028343970E-1
2.482004271E1	-1.242422229E-1
2.486025771E1	-2.398007458E-1
2.490047171E1	-1.538870215E-1
2.494068658E1	-2.980384290E-1
2.498090058E1	-3.293280494E-1
2.502111458E1	-3.266412538E-1
2.506132958E1	-4.664546120E-1
2.510154358E1	-3.859296817E-1
2.514175758E1	-4.633269364E-1
2.518197258E1	-5.288941044E-1
2.522218658E1	-6.941486979E-1
2.526240158E1	-6.972944999E-1
2.530261558E1	-6.963963675E-1
2.534282958E1	-6.541823941E-1
2.538304458E1	-7.481851566E-1
2.542325858E1	-7.860546488E-1
2.546347258E1	-7.950336331E-1
2.550368758E1	-7.793227494E-1
2.554390158E1	-8.068777531E-1
2.558411658E1	-7.950523442E-1
2.562433058E1	-8.145159709E-1
2.566454458E1	-7.580880010E-1
2.570475958E1	-7.916229522E-1
2.574497358E1	-8.137768829E-1
2.578518758E1	-7.745607769E-1
2.582540258E1	-7.929765826E-1
2.586561658E1	-7.423876423E-1
2.590583158E1	-7.182930207E-1
2.594604508E1	-6.958467293E-1
2.598625908E1	-6.070871651E-1
2.602647408E1	-5.777516842E-1
2.606668808E1	-4.972203219E-1
2.610690308E1	-5.090469003E-1
2.614711708E1	-4.758171737E-1
2.618733108E1	-4.401941818E-1
2.622754608E1	-5.205191374E-2
2.626776008E1	-3.018858969E-1
2.630797408E1	-4.280810899E-1
2.634818908E1	-1.451723313E-1
2.638840308E1	-3.240556151E-1
2.642861808E1	-4.722497874E-1
2.646883208E1	-3.855794334E-1
2.650904608E1	-3.513036400E-1
2.654926108E1	-3.240620470E-1
2.658947508E1	-2.574493968E-1
2.662969008E1	-2.287056541E-1
2.666990408E1	-1.640360337E-1
2.671011808E1	-1.426305467E-1
2.675033308E1	-1.034185338E-1
2.679054708E1	-6.569873035E-2
2.683076108E1	3.602469563E-3
2.687097608E1	-4.834244013E-2
2.691119008E1	-3.980959833E-2
2.695140533E1	-1.855555415E-2
2.699161933E1	-3.263097167E-2
2.703183333E1	-9.582417011E-3
2.707204833E1	-4.131876469E-2
2.711226233E1	-4.350913167E-3
2.715247733E1	-2.306375742E-2
2.719269133E1	7.752530873E-2
2.723290533E1	8.518223763E-3
2.727312033E1	-1.130278480E-1
2.731333433E1	-3.159893811E-2
2.735354933E1	-3.489267468E-2
2.739376333E1	-9.440914392E-3
2.743397733E1	-2.740706921E-2
2.747419233E1	-3.040786028E-2
2.751440633E1	-1.903794944E-2
2.755462133E1	-2.338126123E-2
2.759483533E1	-2.832625151E-2
2.763504933E1	-2.533657014E-2
2.767526433E1	-3.177610874E-2
2.771547833E1	-2.653992712E-2
2.775569333E1	-1.965541542E-2
2.779590733E1	-1.441864908E-2
2.783612133E1	-1.906484663E-2
2.787633633E1	-2.490855396E-2
2.791655033E1	-2.775380909E-2
2.795676508E1	-3.823494315E-2
2.799697908E1	-2.446942806E-2
2.803719308E1	-3.360277891E-2
2.807740808E1	-2.507519960E-2
2.811762208E1	-2.762517035E-2
2.815783708E1	-2.733222485E-2
2.819805108E1	-3.227195263E-2
2.823826608E1	-4.738817453E-2
2.827848008E1	-3.017572582E-2
2.831869408E1	-2.898523271E-2
2.835890908E1	-2.764154255E-2
2.839912308E1	-3.123582602E-2
2.843933808E1	-3.378404260E-2
2.847955208E1	-2.734742761E-2
2.851976608E1	-2.898991048E-2
2.855998108E1	-3.167962968E-2
2.860019508E1	-2.584235430E-2
2.864041008E1	-2.704454184E-2
2.868062408E1	-4.890026450E-2
2.872083908E1	-3.587208331E-2
2.876105308E1	-2.598444164E-2
2.880126708E1	-3.556159616E-2
2.884148208E1	-3.230586648E-3
2.888169608E1	-2.478810132E-2
2.892191121E1	-3.631530225E-2
2.896212521E1	-3.256840646E-2
2.900234021E1	-2.747957468E-2
2.904255421E1	-2.344090283E-2
2.908276821E1	-2.389172316E-2
2.912298321E1	-1.581321001E-2
2.916319721E1	-3.227429152E-2
2.920341221E1	-2.075176835E-2
2.924362621E1	-3.661935747E-2
2.928384121E1	-3.781920612E-2
2.932405521E1	-3.841854572E-2
2.936427021E1	-1.432392418E-2
2.940448421E1	-2.465069175E-2
2.944469821E1	-2.973952353E-2
2.948491321E1	-1.326967120E-2
2.952512721E1	-2.120024979E-2
2.956534221E1	-3.197959185E-2
2.960555621E1	-1.252356648E-2
2.964577121E1	-1.611901939E-2
2.968598521E1	-3.408283532E-2
2.972619921E1	-3.678015590E-2
2.976641421E1	-2.061085045E-2
2.980662821E1	-2.720358610E-2
2.984684321E1	-3.573818207E-2
2.988705721E1	-2.361514986E-2
2.992727271E1	-1.957823217E-2
2.996748671E1	-2.481909156E-2
3.000770171E1	-2.167504370E-2
3.004791571E1	-2.182765603E-2
3.008813071E1	-1.583835304E-2
3.012834471E1	-3.155449927E-2
3.016855871E1	-2.377360940E-2
3.020877371E1	-3.035815895E-2
3.024898771E1	-2.421858251E-2
3.028920271E1	-3.425006568E-2
3.032941671E1	-3.379632175E-2
3.036963171E1	-2.032667577E-2
3.040984571E1	-2.825842381E-2
3.045006071E1	-2.661360204E-2
3.049027471E1	-1.044780493E-2
3.053048971E1	-3.350220680E-2
3.057070371E1	-3.334608614E-2
3.061091871E1	-1.823103368E-2
3.065113271E1	-2.017815650E-2
3.069134671E1	-1.913208961E-2
3.073156171E1	-3.649364233E-2
3.077177571E1	-3.080313206E-2
3.081199071E1	-2.152418554E-2
3.085220471E1	-2.781111181E-2
3.089241971E1	-2.841103613E-2
3.093263333E1	-1.919056177E-3
3.097284833E1	-1.943439066E-2
3.101306233E1	-1.419645488E-2
3.105327733E1	-2.093420148E-2
3.109349133E1	-1.944257677E-2
3.113370633E1	-2.962667227E-2
3.117392033E1	-1.436485469E-2
3.121413533E1	-3.262687862E-2
3.125434933E1	-2.244863033E-2
3.129456433E1	-3.981603026E-2
3.133477833E1	-1.960512936E-2
3.137499333E1	-2.529622436E-2
3.141520733E1	-1.856198609E-2
3.145542233E1	-1.018000245E-2
3.149563633E1	-1.781529665E-2
3.153585133E1	-3.667666018E-2
3.157606533E1	-3.128903568E-2
3.161628033E1	-2.605051517E-2
3.165649433E1	-1.647160649E-2
3.169670933E1	-3.907226443E-2
3.173692333E1	-3.203280151E-2
3.177713833E1	-2.245155394E-2
3.181735233E1	-1.855847776E-2
3.185756733E1	-2.888349116E-2
3.189778133E1	-3.367411494E-2
3.193799688E1	-2.754447877E-2
3.197821088E1	-2.964012086E-2
3.201842588E1	-1.617105961E-2
3.205863988E1	-4.942066669E-3
3.209885488E1	-3.548616707E-2
3.213906888E1	-2.546111584E-2
3.217928388E1	-1.528286755E-2
3.221949788E1	-1.992438734E-2
3.225971288E1	-3.054877818E-2
3.229992688E1	-1.857660413E-2
3.234014188E1	-3.833493054E-2
3.238035588E1	-1.708030164E-2
3.242057088E1	-2.606337905E-2
3.246078488E1	-2.292108536E-2
3.250099988E1	-2.860691786E-2
3.254121388E1	-7.203184962E-3
3.258142888E1	-2.591369033E-2
3.262164288E1	-3.100193739E-2
3.266185788E1	-2.696034193E-2
3.270207188E1	-3.294438243E-2
3.274228688E1	-1.647920787E-2
3.278250088E1	-1.363570690E-2
3.282271588E1	-1.737500131E-2
3.286292988E1	-3.249414682E-2
3.290314488E1	-1.977586806E-2
3.294335858E1	-5.016267836E-2
3.298357358E1	-2.863381505E-3
3.302378758E1	-2.876186907E-2
3.306400258E1	-1.618567765E-2
3.310421658E1	-2.277432024E-2
3.314443158E1	-2.562191427E-2
3.318464658E1	-1.020222187E-2
3.322486058E1	-1.454377949E-2
3.326507558E1	-1.020046771E-2
3.330528958E1	-2.172708392E-2
3.334550458E1	-7.956306338E-3
3.338571858E1	-3.759584248E-2
3.342593358E1	-3.954413474E-2
3.346614758E1	-2.008810937E-2
3.350636258E1	-3.865009546E-2
3.354657658E1	-3.925294340E-2
3.358679158E1	-8.610668242E-2
3.362700558E1	6.942399144E-2
3.366722058E1	3.948332369E-2
3.370743458E1	-1.485192776E-2
3.374764958E1	5.206945539E-3
3.378786358E1	4.622808695E-2
3.382807858E1	-4.882308125E-2
3.386829258E1	-2.568681836E-3
3.390850758E1	-4.403362691E-2
3.394872233E1	-6.184541523E-2
3.398893633E1	-5.540704608E-2
3.402915133E1	5.581225812E-2
3.406936533E1	-4.612459123E-2
3.410958033E1	-6.722251475E-2
3.414979433E1	-5.030827403E-2
3.419000933E1	-2.426126719E-2
3.423022333E1	-5.000655770E-2
3.427043833E1	-3.204449594E-2
3.431065233E1	-3.279060066E-2
3.435086733E1	-2.261059821E-2
3.439108133E1	-1.797200203E-2
3.443129633E1	5.078891516E-3
3.447151133E1	-1.363044441E-2
3.451172533E1	-3.698305428E-2
3.455194033E1	-2.621248305E-2
3.459215433E1	-2.097630143E-2
3.463236933E1	-2.098039448E-2
3.467258333E1	-2.247728169E-2
3.471279833E1	-3.879744530E-2
3.475301233E1	-2.847418606E-2
3.479322733E1	4.602928162E-3
3.483344133E1	-1.695400178E-2
3.487365633E1	-2.069797397E-2
3.491387133E1	-3.866003573E-2
3.495408508E1	-2.832975984E-2
3.499430008E1	-1.171548128E-2
3.503451408E1	-2.758423984E-2
3.507472908E1	-1.695517123E-2
3.511494308E1	-3.806128085E-2
3.515515808E1	-1.830587804E-2
3.519537208E1	-2.219836950E-2
3.523558708E1	-3.222809851E-2
3.527580208E1	-1.036652863E-2
3.531601608E1	-3.895181179E-2
3.535623108E1	-2.697788358E-2
3.539644508E1	-2.353738189E-2
3.543666008E1	-1.950572670E-2
3.547687408E1	-3.851560950E-2
3.551708908E1	-2.579674602E-2
3.555730308E1	-3.073530436E-2
3.559751808E1	-4.688297510E-3
3.563773208E1	-3.790749907E-3
3.567794708E1	-4.181343913E-2
3.571816208E1	-2.580785573E-2
3.575837608E1	-4.481481493E-2
3.579859108E1	-1.307612836E-2
3.583880508E1	-1.592255294E-2
3.587902008E1	-1.622485399E-2
3.591923408E1	-3.194450855E-2
3.595944958E1	-3.209068894E-2
3.599966358E1	1.144884825E-3
3.603987858E1	-1.681717694E-2
3.608009358E1	-4.016101599E-2
3.612030758E1	-2.084824741E-2
3.616052258E1	-1.785271883E-2
3.620073658E1	-1.246275544E-2
3.624095158E1	-2.069154203E-2
3.628116558E1	-1.200901151E-2
3.632138058E1	-1.455898225E-2
3.636159458E1	-3.806011140E-2
3.640180958E1	-3.177260041E-2
3.644202458E1	-7.835268974E-4
3.648223858E1	-1.934609771E-2
3.652245358E1	-3.072711825E-2
3.656266758E1	-3.177844763E-2
3.660288258E1	-2.115171790E-2
3.664309658E1	-3.297829628E-2
3.668331158E1	-1.861285686E-2
3.672352558E1	-1.891749680E-2
3.676374058E1	-2.101840138E-2
3.680395558E1	-3.912956715E-2
3.684416958E1	-3.838170826E-2
3.688438458E1	-2.131368577E-2
3.692459858E1	-2.236150682E-2
3.696481308E1	-2.371104419E-2
3.700502708E1	-2.760119677E-2
3.704524208E1	-3.329112232E-2
3.708545608E1	-2.071960866E-2
3.712567108E1	-1.354098201E-2
3.716588608E1	-3.075752378E-2
3.720610008E1	-2.252581358E-2
3.724631508E1	-3.255495787E-2
3.728652908E1	-3.405476868E-2
3.732674408E1	-1.818542540E-2
3.736695808E1	-1.279780090E-2
3.740717308E1	-1.189732969E-2
3.744738808E1	-2.791460752E-2
3.748760208E1	-2.835899591E-2
3.752781708E1	-2.536580622E-2
3.756803108E1	-3.284731865E-2
3.760824608E1	-3.000381768E-2
3.764846008E1	-1.698206842E-2
3.768867508E1	-1.653241754E-2
3.772889008E1	-2.176918387E-2
3.776910408E1	-3.898514092E-2
3.780931908E1	-3.629659116E-2
3.784953308E1	-1.968172789E-2
3.788974808E1	-2.312866151E-2
3.792996233E1	-2.148559391E-2
3.797017733E1	-3.031664371E-2
3.801039133E1	-2.582539737E-2
3.805060633E1	-2.013605654E-2
3.809082133E1	-2.117978454E-2
3.813103533E1	-1.025484681E-2
3.817125033E1	-3.668543100E-3
3.821146433E1	-3.629951477E-2
3.825167933E1	-2.208084047E-2
3.829189333E1	-1.698733091E-2
3.833210833E1	-3.195737243E-2
3.837232333E1	-2.701822937E-2
3.841253733E1	-2.911387146E-2
3.845275233E1	-2.612126648E-2
3.849296633E1	-1.160146058E-2
3.853318133E1	-2.537223816E-2
3.857339533E1	-1.848597229E-2
3.861361033E1	-2.821573913E-2
3.865382533E1	-2.881390929E-2
3.869403933E1	-3.031430483E-2
3.873425433E1	-1.714403629E-2
3.877446833E1	-3.091598332E-2
3.881468333E1	-2.492784977E-2
3.885489733E1	-2.163762152E-2
3.889511233E1	-2.448170722E-2
3.893532783E1	-2.807716012E-2
3.897554183E1	-1.341058910E-2
3.901575683E1	-5.327398181E-3
3.905597083E1	-2.748308301E-2
3.909618583E1	-3.077974319E-2
3.913639983E1	-1.985363603E-2
3.917661483E1	-4.006453693E-2
3.921682883E1	-2.898698688E-2
3.925704383E1	-3.018975914E-2
3.929725883E1	-2.479687214E-2
3.933747283E1	-3.572239459E-2
3.937768783E1	-2.733748734E-2
3.941790183E1	-1.910519242E-2
3.945811683E1	-2.734216511E-2
3.949833083E1	1.995069981E-3
3.953854583E1	-2.689543784E-2
3.957876083E1	-4.351147056E-2
3.961897483E1	-2.165399373E-2
3.965918983E1	-2.659606040E-2
3.969940383E1	-2.779240072E-2
3.973961883E1	-1.791119099E-2
3.977983283E1	-3.153111041E-2
3.982004783E1	-1.177395344E-2
3.986026283E1	-3.542594075E-2
3.990047683E1	-3.332971394E-2
3.994069158E1	-2.809119344E-2
3.998090558E1	-1.925780475E-2
4.002112058E1	-2.210656822E-2
4.006133458E1	-5.758396447E-2
4.010154958E1	-6.881295741E-2
4.014176458E1	-7.974140346E-2
4.018197858E1	-8.153357506E-2
4.022219358E1	-1.238966525E-1
4.026240758E1	-1.292872006E-1
4.030262258E1	-1.595260763E-1
4.034283658E1	-1.825781393E-1
4.038305158E1	-2.032351828E-1
4.042326658E1	-2.024849850E-1
4.046348058E1	-2.244921505E-1
4.050369558E1	-3.825611007E-1
4.054390958E1	-3.315219247E-1
4.058412458E1	-2.111745322E-1
4.062433858E1	-2.837747312E-1
4.066455358E1	-2.432085031E-1
4.070476858E1	-3.122126645E-1
4.074498258E1	-3.634032834E-1
4.078519758E1	-3.553171688E-1
4.082541158E1	-4.181881857E-1
4.086562658E1	-4.744740683E-1
4.090584058E1	-5.157875705E-1
4.094605500E1	-5.419860202E-1
4.098627000E1	-5.767126340E-1
4.102648400E1	-5.841959006E-1
4.106669900E1	-6.328423959E-1
4.110691300E1	-6.561990988E-1
4.114712800E1	-6.790997189E-1
4.118734200E1	-7.064950937E-1
4.122755700E1	-7.588931626E-1
4.126777200E1	-7.286577952E-1
4.130798600E1	-7.686299461E-1
4.134820100E1	-7.662360960E-1
4.138841500E1	-7.491686583E-1
4.142863000E1	-7.551532835E-1
4.146884400E1	-7.717687315E-1
4.150905900E1	-7.538101780E-1
4.154927400E1	-7.359966356E-1
4.158948800E1	-7.430325902E-1
4.162970300E1	-7.050099009E-1
4.166991700E1	-7.928765953E-1
4.171013200E1	-6.861438596E-1
4.175034600E1	-6.247679758E-1
4.179056100E1	-5.493260300E-1
4.183077600E1	-5.810571152E-1
4.187099000E1	-5.984186679E-1
4.191120500E1	-5.117465597E-1
4.195141971E1	-4.886915731E-1
4.199163471E1	-4.825496578E-1
4.203184871E1	-5.005076265E-1
4.207206371E1	-4.481136507E-1
4.211227871E1	-3.910840023E-1
4.215249271E1	-3.930311251E-1
4.219270771E1	-3.680342782E-1
4.223292171E1	-3.392893660E-1
4.227313671E1	-2.895932955E-1
4.231335071E1	-2.364537996E-1
4.235356571E1	-1.884089828E-1
4.239378071E1	-1.759865731E-1
4.243399471E1	-1.789803475E-1
4.247420971E1	-1.310834652E-1
4.251442371E1	-1.737412423E-1
4.255463871E1	-3.603229702E-2
4.259485271E1	-3.408634365E-2
4.263506771E1	-1.248000473E-1
4.267528271E1	-1.521919137E-1
4.271549671E1	2.293921173E-2
4.275571171E1	-5.175955296E-2
4.279592571E1	-6.148873508E-2
4.283614071E1	-4.756826878E-2
4.287635471E1	2.488341093E-2
4.291656971E1	-3.555107117E-3
4.295678438E1	-4.935459316E-2
4.299699838E1	2.818474889E-2
4.303721338E1	1.052732706E-2
4.307742738E1	1.322874069E-2
4.311764238E1	3.204858899E-3
4.315785638E1	3.120483577E-2
4.319807138E1	1.035097504E-1
4.323828638E1	5.276936710E-2
4.327850038E1	1.175828290E-1
4.331871538E1	4.738349676E-2
4.335892938E1	1.388433051E-1
4.339914437E1	5.276936710E-2
4.343935838E1	-1.268261075E-3
4.347957338E1	6.174659729E-2
4.351978838E1	4.483294129E-2
4.356000238E1	9.452141047E-2
4.360021738E1	6.682490408E-2
4.364043138E1	8.972903252E-2
4.368064638E1	1.863098323E-2
4.372086038E1	2.016119957E-3
4.376107538E1	2.506525934E-2
4.380129038E1	3.794024348E-2
4.384150438E1	1.847837090E-2
4.388171938E1	-6.672257781E-3
4.392193338E1	-7.253120184E-2
4.396214808E1	-2.613003731E-2
4.400236208E1	-6.521984339E-3
4.404257708E1	2.157037854E-3
4.408279108E1	-1.176810622E-2
4.412300608E1	-5.757636309E-2
4.416322108E1	7.982034087E-3
4.420343508E1	4.180759192E-2
4.424365008E1	-2.016763151E-2
4.428386408E1	-6.417962372E-2
4.432407908E1	-4.936160982E-2
4.436429308E1	1.979282498E-3
4.440450808E1	8.111257553E-3
4.444472308E1	-7.676400125E-2
4.448493708E1	-1.495109653E-1
4.452515208E1	-2.302282691E-2
4.456536608E1	2.068101704E-2
4.460558108E1	-3.410154641E-2
4.464579508E1	-5.445511937E-2
4.468601008E1	-6.029356420E-2
4.472622408E1	2.742753446E-2
4.476643908E1	-4.098196507E-2
4.480665408E1	-7.449352741E-3
4.484686808E1	-1.089371359E-1
4.488708308E1	-8.813566625E-2
4.492729708E1	-5.360727310E-3
4.496751213E1	5.915861964E-2
4.500772613E1	-9.681527317E-2
4.504794112E1	-8.918699563E-2
4.508815513E1	-1.108953685E-1
4.512837013E1	-1.299894512E-2
4.516858513E1	-1.224991679E-2
4.520879913E1	-5.954453588E-2
4.524901413E1	-3.559258640E-2
4.528922813E1	-6.867437840E-2
4.532944313E1	5.556199729E-2
4.536965713E1	-1.853684306E-2
4.540987213E1	4.822783470E-2
4.545008713E1	-4.846581638E-2
4.549030113E1	-7.675289154E-2
4.553051613E1	4.105154693E-2
4.557073013E1	3.057333648E-2
4.561094513E1	1.290480494E-2
4.565115913E1	-5.685072362E-2
4.569137413E1	-1.158304185E-1
4.573158813E1	-3.365364969E-2
4.577180313E1	4.896984637E-2
4.581201713E1	-6.075023174E-2
4.585223213E1	-4.772088110E-2
4.589244713E1	-8.827716887E-2
4.593266113E1	-4.695723474E-2
4.597287621E1	2.668669224E-2
4.601309021E1	4.105037749E-2
4.605330521E1	-5.057256818E-3
4.609351921E1	-6.793178201E-2
4.613373421E1	-1.159783530E-1
4.617394821E1	-1.312699914E-3
4.621416321E1	2.188612819E-2
4.625437821E1	2.727141380E-3
4.629459221E1	-8.034951389E-2
4.633480721E1	-9.142998755E-2
4.637502121E1	4.103692889E-2
4.641523621E1	4.357169688E-2
4.645545021E1	-2.992137194E-2
4.649566521E1	-6.972687721E-2
4.653587921E1	-8.020099461E-2
4.657609421E1	3.041896999E-2
4.661630821E1	7.247565329E-2
4.665652321E1	-3.268593550E-3
4.669673821E1	-1.236118931E-1
4.673695221E1	-1.286960471E-1
4.677716721E1	3.237135530E-2
4.681738121E1	3.790340602E-2
4.685759621E1	1.156286895E-2
4.689781021E1	-9.709301591E-2
4.693802500E1	-1.641389447E-1
4.697823900E1	6.323062062E-2
4.701845400E1	4.960602343E-2
4.705866800E1	-2.448053777E-2
4.709888300E1	-8.165110409E-2
4.713909800E1	-1.204175591E-2
4.717931200E1	-2.655922294E-2
4.721952700E1	3.736019969E-2
4.725974100E1	7.570974827E-3
4.729995600E1	-8.209373832E-2
4.734017000E1	-9.900564015E-2
4.738038500E1	-5.184901536E-2
4.742059900E1	3.482777059E-2
4.746081400E1	5.099590659E-2
4.750102800E1	-9.958977699E-2
4.754124300E1	-9.464887977E-2
4.758145700E1	-3.896467566E-2
4.762167200E1	6.847089529E-3
4.766188600E1	-2.173760891E-2
4.770210100E1	-5.106958151E-2
4.774231600E1	-9.133526266E-2
4.778253000E1	1.165174663E-2
4.782274500E1	4.039081156E-2
4.786295900E1	-2.217673481E-2
4.790317400E1	-9.282630265E-2
4.794338846E1	-6.408606827E-2
4.798360346E1	-5.109881759E-3
4.802381746E1	-5.113974810E-3
4.806403246E1	-5.415106416E-3
4.810424646E1	-4.852604270E-2
4.814446146E1	-8.968927145E-2
4.818467546E1	-3.176324487E-2
4.822489046E1	3.469386935E-2
4.826510446E1	-2.173819363E-2
4.830531946E1	-8.850228667E-2
4.834553346E1	-8.161719024E-2
4.838574846E1	2.421741307E-2
4.842596246E1	5.221797466E-2
4.846617746E1	-7.037065566E-2
4.850639146E1	-2.591661394E-2
4.854660646E1	-1.364974022E-2
4.858682146E1	1.372984707E-2
4.862703546E1	-2.309650183E-2
4.866725046E1	-7.757968783E-2
4.870746446E1	-5.153092682E-2
4.874767946E1	-2.068920314E-2
4.878789346E1	-7.307148457E-2
4.882810846E1	-4.732327044E-2
4.886832246E1	2.078685164E-2
4.890853746E1	-6.615539789E-3
4.894875133E1	-5.527080595E-2
4.898896633E1	-1.396899819E-1
4.902918033E1	-2.172532976E-2
4.906939533E1	1.059591490E-1
4.910960933E1	1.090096414E-2
4.914982433E1	-1.295017934E-1
4.919003833E1	-7.531740010E-2
4.923025333E1	6.238803685E-2
4.927046733E1	3.170301855E-2
4.931068233E1	-4.776707411E-2
4.935089633E1	-7.605297983E-2
4.939111133E1	-2.096460700E-2
4.943132533E1	-4.431020021E-2
4.947154033E1	3.068384886E-2
4.951175433E1	3.771863401E-2
4.955196933E1	-7.140678227E-2
4.959218333E1	-9.056810796E-2
4.963239833E1	-1.423270762E-2
4.967261233E1	9.743683219E-2
4.971282733E1	2.588679314E-2
4.975304133E1	-9.820398688E-2
4.979325633E1	-9.491083503E-2
4.983347033E1	-3.099959850E-2
4.987368533E1	2.378179550E-2
4.991389933E1	-3.130891621E-2
4.995411438E1	-1.024011183E-1
4.999432838E1	-1.151229054E-1
5.003454338E1	8.964775622E-2
5.007475738E1	3.860390246E-2
5.011497238E1	-5.210044563E-2
5.015518638E1	-7.635060310E-2
5.019540138E1	-5.330204844E-2
5.023561538E1	3.815717518E-2
5.027583038E1	-1.512967050E-2
5.031604438E1	-6.751779914E-2
5.035625938E1	-1.366722339E-1
5.039647338E1	-9.939740360E-2
5.043668838E1	-1.198328376E-2
5.047690237E1	3.846064568E-2
5.051711738E1	5.237877309E-2
5.055733138E1	-3.159601450E-2
5.059754638E1	-4.552057385E-2
5.063776038E1	3.731693029E-3
5.067797538E1	6.660154045E-2
5.071818938E1	1.764806628E-2
5.075840438E1	-5.375754654E-2
5.079861838E1	-6.198984146E-2
5.083883338E1	2.168439925E-2
5.087904738E1	-1.769133568E-2
5.091926238E1	3.829867780E-2
5.095947608E1	5.072342634E-2
5.099969108E1	-1.525538564E-3
5.103990508E1	2.364029288E-3
5.108012008E1	-3.835364163E-2
5.112033408E1	-1.806789637E-4
5.116054908E1	2.212410986E-2
5.120076308E1	-1.524082607E-1
5.124097808E1	-8.490449488E-2
5.128119208E1	1.029636204E-2
5.132140708E1	6.478831887E-2
5.136162108E1	1.149971902E-2
5.140183608E1	-1.559686303E-2
5.144205008E1	-2.981846094E-2
5.148226508E1	4.309982657E-3
5.152247908E1	1.867893040E-2
5.156269408E1	-4.876577854E-4
5.160290808E1	-8.266325712E-2
5.164312308E1	-1.034694046E-1
5.168333708E1	5.804589450E-2
5.172355108E1	-4.373775780E-2
5.176376608E1	-6.753358662E-2
5.180398008E1	-7.741479635E-2
5.184419508E1	-6.080168724E-2
5.188440908E1	1.359126806E-2
5.192462408E1	-1.155936062E-2
5.196483863E1	-4.868684113E-2
5.200505363E1	-8.251356840E-2
5.204526763E1	-1.769893706E-2
5.208548263E1	6.551220417E-3
5.212569663E1	6.698570251E-3
5.216591163E1	-5.108010650E-2
5.220612563E1	-6.679683745E-2
5.224634063E1	-4.329161525E-2
5.228655463E1	3.768355072E-2
5.232676963E1	5.804004729E-2
5.236698363E1	-9.104757965E-2
5.240719763E1	-6.574609280E-2
5.244741263E1	3.258653283E-3
5.248762663E1	-5.242672026E-2
5.252784163E1	-6.469359398E-3
5.256805563E1	-1.799539089E-2
5.260827063E1	-4.194792509E-2
5.264848463E1	-9.448925078E-2
5.268869963E1	2.361339569E-2
5.272891363E1	9.217609227E-2
5.276912863E1	1.465312243E-3
5.280934263E1	-1.552599478E-1
5.284955763E1	-8.370873928E-2
5.288977163E1	4.563108623E-2
5.292998563E1	3.276077986E-2
5.297020063E1	-6.663311541E-2
5.301041463E1	-1.535975844E-1
5.305062963E1	1.420464098E-2
5.309084363E1	8.904724717E-2
5.313105863E1	-5.557778478E-3
5.317127263E1	-4.672217667E-2
5.321148763E1	-7.171726942E-2
5.325170163E1	3.171939075E-2
5.329191663E1	7.617401719E-2
5.333213063E1	2.603238881E-2
5.337234563E1	-7.216341197E-2
5.341255963E1	-2.555817962E-3
5.345277363E1	3.157730341E-2
5.349298863E1	1.690546989E-2
5.353320263E1	-9.027165413E-2
5.357341763E1	-3.698422372E-2
5.361363163E1	2.723340690E-2
5.365384663E1	-5.958137333E-2
5.369406063E1	-7.514139891E-2
5.373427563E1	-1.420990348E-2
5.377448963E1	-4.294019759E-2
5.381470363E1	-6.194949567E-2
5.385491863E1	-5.326754987E-2
5.389513263E1	-4.802669048E-2
5.393534763E1	9.185975790E-4
5.397556125E1	3.923540175E-2
5.401577625E1	8.264454603E-2
5.405599025E1	2.920567274E-2
5.409620525E1	8.241065741E-3
5.413641925E1	-5.387975335E-2
5.417663325E1	2.619786501E-2
5.421684825E1	3.952133060E-2
5.425706225E1	-1.466247797E-2
5.429727725E1	-1.750831783E-2
5.433749125E1	-2.365198731E-2
5.437770625E1	1.317494631E-2
5.441792025E1	-1.122548461E-2
5.445813425E1	-8.038284302E-2
5.449834925E1	-8.412798464E-2
5.453856325E1	1.841112792E-2
5.457877825E1	6.765871704E-2
5.461899225E1	1.721186399E-2
5.465920725E1	-1.157169825E-1
5.469942125E1	-5.613911748E-2
5.473963625E1	4.115855098E-2
5.477985025E1	-1.056007147E-3
5.482006425E1	-1.013527125E-1
5.486027925E1	-5.855109394E-2
5.490049325E1	3.844193459E-2
5.494070825E1	2.960971534E-2
5.498092296E1	-1.065713525E-2
5.502113696E1	-6.316162348E-3
5.506135196E1	-5.017846584E-2
5.510156596E1	-9.868053496E-2
5.514178096E1	4.830618739E-2
5.518199496E1	7.269960165E-2
5.522220996E1	-1.606171668E-2
5.526242396E1	-9.958626866E-2
5.530263796E1	-9.025177360E-3
5.534285296E1	-1.681308389E-2
5.538306696E1	-3.717191935E-2
5.542328196E1	-4.630000770E-2
5.546349596E1	9.998738766E-4
5.550371096E1	-5.333245397E-2
5.554392496E1	-1.780225736E-1
5.558413896E1	-7.593018830E-2
5.562435396E1	1.505488461E-1
5.566456796E1	-3.131651759E-2
5.570478296E1	-1.824898463E-1
5.574499696E1	-1.735038453E-1
5.578521096E1	1.005767870E-1
5.582542596E1	1.001212889E-1
5.586563996E1	-7.995424211E-2
5.590585496E1	-2.071896547E-1
5.594606863E1	-1.887188852E-2
5.598628363E1	6.127882004E-3
5.602649763E1	-5.099356771E-3
5.606671163E1	-1.504488587E-3
5.610692663E1	-9.520494998E-2
5.614714063E1	-3.877054811E-2
5.618735563E1	-6.139576435E-3
5.622756963E1	-3.876762450E-2
5.626778363E1	-2.095232785E-2
5.630799863E1	-8.845784783E-2
5.634821263E1	-1.448852330E-1
5.638842763E1	4.057909191E-2
5.642864163E1	1.737266243E-2
5.646885563E1	-9.264503896E-2
5.650907063E1	-1.076092333E-1
5.654928463E1	-1.390362632E-1
5.658949963E1	5.766114771E-2
5.662971363E1	2.143530786E-2
5.666992763E1	-1.673239231E-2
5.671014263E1	-1.524918759E-1
5.675035663E1	-7.061214566E-2
5.679057163E1	2.891448140E-2
5.683078563E1	-1.321470737E-4
5.687099963E1	2.097396255E-2
5.691121462E1	-4.308637798E-2
5.695142800E1	-7.661431253E-2
5.699164300E1	-5.311084449E-2
5.703185700E1	-4.891780615E-2
5.707207100E1	3.236843169E-2
5.711228600E1	3.476169705E-2
5.715250000E1	3.931083083E-3
5.719271500E1	-9.335606039E-2
5.723292900E1	-1.282288545E-1
5.727314300E1	-5.158589065E-2
5.731335800E1	6.576188028E-2
5.735357200E1	9.780286789E-2
5.739378700E1	3.952133060E-3
5.743400100E1	-8.450805366E-2
5.747421500E1	-1.690821809E-1
5.751443000E1	-8.510330021E-2
5.755464400E1	5.829849422E-2
5.759485900E1	1.193662298E-1
5.763507300E1	-1.220957100E-2
5.767528700E1	-8.316436350E-2
5.771550200E1	-1.274769026E-1
5.775571600E1	-8.392567098E-2
5.779593000E1	7.968527019E-2
5.783614500E1	5.812600136E-2
5.787635900E1	-1.971505702E-2
5.791657400E1	-1.108667171E-1
5.795678888E1	-5.308979452E-2
5.799700288E1	3.059263229E-2
5.803721788E1	1.592313766E-2
5.807743188E1	-2.658495069E-2
5.811764588E1	-8.975476027E-2
5.815786088E1	-6.714357734E-2
5.819807488E1	-6.130864084E-2
5.823828988E1	-1.475252509E-2
5.827850388E1	-3.031956732E-2
5.831871788E1	3.179715872E-2
5.835893288E1	-2.179140329E-2
5.839914688E1	-1.053247261E-1
5.843936188E1	-8.078045368E-2
5.847957588E1	-5.187649727E-3
5.851978988E1	-1.791645348E-2
5.856000488E1	-3.932077110E-2
5.860021888E1	-6.671790004E-2
5.864043288E1	-2.496059418E-2
5.868064788E1	-1.733231664E-2
5.872086188E1	-3.020203829E-2
5.876107588E1	8.262115717E-3
5.880129088E1	8.205514669E-2
5.884150488E1	-7.795683324E-2
5.888171988E1	-1.080471897E-1
5.892193388E1	4.448327780E-2
5.896214771E1	2.116849941E-1
5.900236271E1	1.862437588E-1
5.904257671E1	-3.049849212E-2
5.908279071E1	3.671291292E-2
5.912300571E1	1.429843032E-1
5.916321971E1	2.145366812E-1
5.920343471E1	1.705416459E-1
5.924364871E1	1.998894060E-1
5.928386271E1	2.153120220E-1
5.932407771E1	2.693566668E-1
5.936429171E1	3.195187604E-1
5.940450571E1	3.139849555E-1
5.944472071E1	3.720589167E-1
5.948493471E1	4.358052617E-1
5.952514871E1	5.197589993E-1
5.956536371E1	4.437089431E-1
5.960557771E1	4.172152090E-1
5.964579171E1	5.725932705E-1
5.968600671E1	6.664633012E-1
5.972622071E1	6.285967326E-1
5.976643571E1	7.016448283E-1
5.980664971E1	7.047929692E-1
5.984686371E1	7.181158501E-1
5.988707871E1	7.089854228E-1
5.992729271E1	6.624374932E-1
5.996750625E1	6.660311919E-1
6.000772125E1	7.173726690E-1
6.004793525E1	6.944656169E-1
6.008814925E1	7.330794597E-1
6.012836425E1	7.067354143E-1
6.016857825E1	6.348912603E-1
6.020879225E1	6.185751897E-1
6.024900725E1	6.950602788E-1
6.028922125E1	6.714170623E-1
6.032943625E1	5.358014202E-1
6.036965025E1	4.718843365E-1
6.040986425E1	4.090121502E-1
6.045007925E1	4.268292010E-1
6.049029325E1	4.974816924E-1
6.053050725E1	4.239804375E-1
6.057072225E1	2.024405462E-1
6.061093625E1	8.343684375E-2
6.065115025E1	2.597684026E-1
6.069136525E1	4.205264872E-1
6.073157925E1	4.809989762E-1
6.077179325E1	4.649822831E-1
6.081200825E1	3.434408891E-1
6.085222225E1	2.416554826E-1
6.089243625E1	2.037848210E-1
6.093265125E1	1.403150493E-1
6.097286521E1	7.998698652E-2
6.101307921E1	8.851807415E-2
6.105329421E1	6.187582076E-2
6.109350821E1	5.303950846E-2
6.113372221E1	4.736244678E-5
6.117393721E1	-1.986708462E-2
6.121415121E1	-2.615050256E-2
6.125436521E1	-2.360170126E-2
6.129458021E1	-4.994516194E-2
6.133479421E1	-9.223982692E-3
6.137500821E1	-2.060207963E-2
6.141522321E1	-6.982744932E-3
6.145543721E1	-3.633225918E-2
6.149565121E1	-3.513533413E-2
6.153586621E1	-5.070413053E-2
6.157608021E1	-4.142810762E-2
6.161629521E1	-1.733348608E-2
6.165650921E1	4.841494560E-4
6.169672321E1	-4.486393154E-2
6.173693721E1	-2.199722528E-3
6.177715221E1	-2.884957731E-2
6.181736621E1	-3.812969327E-2
6.185758121E1	-2.675685883E-2
6.189779521E1	-3.723039150E-2
6.193800921E1	-1.643126070E-2
6.197822396E1	-2.676036716E-2
6.201843796E1	-3.454359591E-2
6.205865196E1	-1.987644017E-2
6.209886696E1	-3.754146338E-2
6.213908096E1	-2.975764990E-2
6.217929496E1	-1.658796608E-2
6.221950996E1	-2.062839210E-2
6.225972396E1	7.887893915E-4
6.229993796E1	-5.699398041E-2
6.234015296E1	-2.421507418E-2
6.238036696E1	-2.961030006E-2
6.242058096E1	-2.960971534E-2
6.246079596E1	-4.188652933E-2
6.250100996E1	-3.500435650E-2
6.254122396E1	-1.749662340E-2
6.258143896E1	-3.036751449E-2
6.262165296E1	-4.383949935E-2
6.266186696E1	8.402448893E-3
6.270208196E1	-1.149738014E-2
6.274229596E1	-2.421741307E-2
6.278250996E1	1.124671000E-1
6.282272496E1	1.007042563E-1
6.286293896E1	-1.010164976E-1
6.290315296E1	-5.643791020E-2
6.294336796E1	-8.281645417E-2
6.298358238E1	2.105173051E-2
6.302379638E1	-1.485426664E-2
6.306401138E1	-7.727270901E-2
6.310422538E1	-2.548333526E-2
6.314443938E1	-1.798662007E-2
6.318465438E1	-3.773500621E-2
6.322486838E1	-4.461425543E-4
6.326508238E1	-4.578545272E-2
6.330529738E1	-3.421205878E-3
6.334551138E1	-4.068960428E-2
6.338572538E1	-3.395712018E-2
6.342594038E1	-2.961731672E-2
6.346615437E1	-2.018809676E-2
6.350636838E1	-3.500377178E-2
6.354658338E1	-2.048572004E-2
6.358679737E1	-3.994233012E-2
6.362701138E1	-3.470731795E-2
6.366722638E1	-3.171061993E-2
6.370744038E1	-2.886711895E-2
6.374765438E1	-3.021080911E-2
6.378786938E1	-1.928645611E-2
6.382808338E1	-2.032901466E-2
6.386829738E1	-3.170886576E-2
6.390851238E1	-3.006112039E-2
6.394872638E1	-2.990967751E-2
6.398894008E1	-1.329072118E-2
6.402915508E1	-5.400254488E-2
6.406936908E1	-2.332220435E-2
6.410958308E1	-5.040884614E-2
6.414979808E1	-8.491911292E-3
6.419001208E1	-2.645748138E-2
6.423022608E1	-2.466004729E-2
6.427044108E1	-3.498739958E-2
6.431065508E1	3.715671659E-2
6.435086908E1	-4.771737278E-2
6.439108308E1	-2.631247044E-2
6.443129808E1	-2.242699564E-2
6.447151208E1	-3.635213971E-2
6.451172608E1	-2.797307968E-2
6.455194108E1	-2.332863629E-2
6.459215508E1	-2.377185524E-2
6.463236908E1	-3.170184910E-2
6.467258408E1	-2.405895352E-2
6.471279808E1	-3.004357874E-2
6.475301208E1	-2.990149140E-2
6.479322708E1	-3.379632175E-2
6.483344108E1	-3.469620824E-2
6.487365508E1	-2.331869602E-2
6.491387008E1	-2.751056492E-2
6.495408433E1	-1.957706273E-2
6.499429833E1	-3.364370942E-2
6.503451333E1	-1.748025119E-2
6.507472733E1	-3.439741552E-2
6.511494133E1	-3.349811375E-2
6.515515633E1	-3.469562352E-2
6.519537033E1	-7.810476780E-2
6.523558433E1	-4.113399267E-2
6.527579933E1	-4.637777567E-2
6.531601333E1	-3.963652074E-2
6.535622733E1	-1.314395607E-2
6.539644133E1	-3.828990698E-2
6.543665633E1	-1.760596633E-3
6.547687033E1	-3.499207735E-2
6.551708433E1	-3.394542575E-2
6.555729933E1	9.611068368E-3
6.559751333E1	-2.526347995E-2
6.563772733E1	-2.077632666E-2
6.567794233E1	-8.116344631E-2
6.571815633E1	-1.231423616E-2
6.575837033E1	3.947923064E-2
6.579858533E1	-7.178275824E-2
6.583879933E1	-1.531912029E-2
6.587901333E1	-1.814215600E-2
6.591922833E1	-1.992614150E-2
6.595944200E1	7.021336555E-3
6.599965600E1	-3.907811165E-2
6.603987100E1	-3.623110235E-2
6.608008500E1	-6.885622680E-2
6.612029900E1	-3.142293692E-2
6.616051300E1	5.031002820E-2
6.620072800E1	-3.605977893E-2
6.624094200E1	-6.733595073E-2
6.628115600E1	-4.749108553E-3
6.632137100E1	-3.693569183E-2
6.636158500E1	-4.710458457E-2
6.640179900E1	-1.760538161E-2
6.644201400E1	-3.032249093E-2
6.648222800E1	1.453711367E-1
6.652244200E1	2.532136738E-2
6.656265700E1	-2.666915059E-3
6.660287100E1	-4.287003100E-2
6.664308500E1	-1.898590922E-2
6.668329900E1	-6.793529034E-2
6.672351400E1	-5.667881548E-2
6.676372800E1	-6.343878150E-2
6.680394200E1	2.554648519E-3
6.684415700E1	5.507024646E-2
6.688437100E1	-9.327069104E-2
6.692458500E1	1.120677352E-2
6.696480050E1	-3.132178009E-2
6.700501450E1	-2.461210012E-2
6.704522850E1	-4.198008478E-2
6.708544350E1	6.858783960E-4
6.712565750E1	-3.957921803E-2
6.716587150E1	-7.465315640E-2
6.720608650E1	7.382226706E-2
6.724630050E1	8.234399915E-2